Series Id,Year,Period,Value
CUUR0000SAM,1935,M03,10.2
CUUR0000SAM,1935,M07,10.2
CUUR0000SAM,1935,M10,10.2
CUUR0000SAM,1936,M01,10.2
CUUR0000SAM,1936,M04,10.2
CUUR0000SAM,1936,M07,10.2
CUUR0000SAM,1936,M09,10.2
CUUR0000SAM,1936,M12,10.2
CUUR0000SAM,1937,M03,10.3
CUUR0000SAM,1937,M06,10.3
CUUR0000SAM,1937,M09,10.3
CUUR0000SAM,1937,M12,10.3
CUUR0000SAM,1938,M03,10.3
CUUR0000SAM,1938,M06,10.3
CUUR0000SAM,1938,M09,10.3
CUUR0000SAM,1938,M12,10.3
CUUR0000SAM,1939,M03,10.3
CUUR0000SAM,1939,M06,10.4
CUUR0000SAM,1939,M09,10.4
CUUR0000SAM,1939,M12,10.4
CUUR0000SAM,1940,M03,10.4
CUUR0000SAM,1940,M06,10.3
CUUR0000SAM,1940,M09,10.3
CUUR0000SAM,1940,M12,10.4
CUUR0000SAM,1941,M03,10.4
CUUR0000SAM,1941,M06,10.4
CUUR0000SAM,1941,M09,10.4
CUUR0000SAM,1941,M12,10.5
CUUR0000SAM,1942,M03,10.6
CUUR0000SAM,1942,M06,10.7
CUUR0000SAM,1942,M09,10.8
CUUR0000SAM,1942,M12,10.9
CUUR0000SAM,1943,M03,11.1
CUUR0000SAM,1943,M06,11.2
CUUR0000SAM,1943,M09,11.4
CUUR0000SAM,1943,M12,11.4
CUUR0000SAM,1944,M03,11.5
CUUR0000SAM,1944,M06,11.5
CUUR0000SAM,1944,M09,11.6
CUUR0000SAM,1944,M12,11.7
CUUR0000SAM,1945,M03,11.8
CUUR0000SAM,1945,M06,11.9
CUUR0000SAM,1945,M09,11.9
CUUR0000SAM,1945,M12,12.0
CUUR0000SAM,1946,M03,12.2
CUUR0000SAM,1946,M06,12.4
CUUR0000SAM,1946,M09,12.7
CUUR0000SAM,1946,M12,13.0
CUUR0000SAM,1947,M01,13.2
CUUR0000SAM,1947,M02,13.3
CUUR0000SAM,1947,M03,13.3
CUUR0000SAM,1947,M04,13.4
CUUR0000SAM,1947,M05,13.5
CUUR0000SAM,1947,M06,13.5
CUUR0000SAM,1947,M07,13.5
CUUR0000SAM,1947,M08,13.6
CUUR0000SAM,1947,M09,13.7
CUUR0000SAM,1947,M10,13.8
CUUR0000SAM,1947,M11,13.8
CUUR0000SAM,1947,M12,13.9
CUUR0000SAM,1948,M01,14.0
CUUR0000SAM,1948,M02,14.0
CUUR0000SAM,1948,M03,14.1
CUUR0000SAM,1948,M04,14.3
CUUR0000SAM,1948,M05,14.3
CUUR0000SAM,1948,M06,14.3
CUUR0000SAM,1948,M07,14.5
CUUR0000SAM,1948,M08,14.5
CUUR0000SAM,1948,M09,14.5
CUUR0000SAM,1948,M10,14.6
CUUR0000SAM,1948,M11,14.7
CUUR0000SAM,1948,M12,14.7
CUUR0000SAM,1949,M01,14.8
CUUR0000SAM,1949,M02,14.8
CUUR0000SAM,1949,M03,14.8
CUUR0000SAM,1949,M04,14.8
CUUR0000SAM,1949,M05,14.8
CUUR0000SAM,1949,M06,14.8
CUUR0000SAM,1949,M07,14.8
CUUR0000SAM,1949,M08,14.9
CUUR0000SAM,1949,M09,14.9
CUUR0000SAM,1949,M10,14.9
CUUR0000SAM,1949,M11,14.9
CUUR0000SAM,1949,M12,14.9
CUUR0000SAM,1950,M01,15.0
CUUR0000SAM,1950,M02,15.0
CUUR0000SAM,1950,M03,15.0
CUUR0000SAM,1950,M04,15.0
CUUR0000SAM,1950,M05,15.0
CUUR0000SAM,1950,M06,15.0
CUUR0000SAM,1950,M07,15.1
CUUR0000SAM,1950,M08,15.1
CUUR0000SAM,1950,M09,15.2
CUUR0000SAM,1950,M10,15.3
CUUR0000SAM,1950,M11,15.3
CUUR0000SAM,1950,M12,15.4
CUUR0000SAM,1951,M01,15.5
CUUR0000SAM,1951,M02,15.5
CUUR0000SAM,1951,M03,15.7
CUUR0000SAM,1951,M04,15.7
CUUR0000SAM,1951,M05,15.8
CUUR0000SAM,1951,M06,15.8
CUUR0000SAM,1951,M07,15.8
CUUR0000SAM,1951,M08,15.9
CUUR0000SAM,1951,M09,15.9
CUUR0000SAM,1951,M10,16.0
CUUR0000SAM,1951,M11,16.1
CUUR0000SAM,1951,M12,16.3
CUUR0000SAM,1952,M01,16.4
CUUR0000SAM,1952,M02,16.4
CUUR0000SAM,1952,M03,16.5
CUUR0000SAM,1952,M04,16.5
CUUR0000SAM,1952,M05,16.5
CUUR0000SAM,1952,M06,16.8
CUUR0000SAM,1952,M07,16.8
CUUR0000SAM,1952,M08,16.8
CUUR0000SAM,1952,M09,16.9
CUUR0000SAM,1952,M10,16.9
CUUR0000SAM,1952,M11,16.9
CUUR0000SAM,1952,M12,17.0
CUUR0000SAM,1953,M01,17.0
CUUR0000SAM,1953,M02,17.0
CUUR0000SAM,1953,M03,17.0
CUUR0000SAM,1953,M04,17.1
CUUR0000SAM,1953,M05,17.2
CUUR0000SAM,1953,M06,17.3
CUUR0000SAM,1953,M07,17.3
CUUR0000SAM,1953,M08,17.4
CUUR0000SAM,1953,M09,17.5
CUUR0000SAM,1953,M10,17.5
CUUR0000SAM,1953,M11,17.6
CUUR0000SAM,1953,M12,17.6
CUUR0000SAM,1954,M01,17.6
CUUR0000SAM,1954,M02,17.7
CUUR0000SAM,1954,M03,17.7
CUUR0000SAM,1954,M04,17.8
CUUR0000SAM,1954,M05,17.8
CUUR0000SAM,1954,M06,17.8
CUUR0000SAM,1954,M07,17.8
CUUR0000SAM,1954,M08,17.9
CUUR0000SAM,1954,M09,17.9
CUUR0000SAM,1954,M10,17.9
CUUR0000SAM,1954,M11,18.0
CUUR0000SAM,1954,M12,18.0
CUUR0000SAM,1955,M01,18.0
CUUR0000SAM,1955,M02,18.1
CUUR0000SAM,1955,M03,18.1
CUUR0000SAM,1955,M04,18.1
CUUR0000SAM,1955,M05,18.2
CUUR0000SAM,1955,M06,18.2
CUUR0000SAM,1955,M07,18.2
CUUR0000SAM,1955,M08,18.2
CUUR0000SAM,1955,M09,18.3
CUUR0000SAM,1955,M10,18.4
CUUR0000SAM,1955,M11,18.5
CUUR0000SAM,1955,M12,18.6
CUUR0000SAM,1956,M01,18.6
CUUR0000SAM,1956,M02,18.7
CUUR0000SAM,1956,M03,18.7
CUUR0000SAM,1956,M04,18.8
CUUR0000SAM,1956,M05,18.8
CUUR0000SAM,1956,M06,18.8
CUUR0000SAM,1956,M07,18.9
CUUR0000SAM,1956,M08,19.0
CUUR0000SAM,1956,M09,19.1
CUUR0000SAM,1956,M10,19.1
CUUR0000SAM,1956,M11,19.2
CUUR0000SAM,1956,M12,19.2
CUUR0000SAM,1957,M01,19.3
CUUR0000SAM,1957,M02,19.3
CUUR0000SAM,1957,M03,19.5
CUUR0000SAM,1957,M04,19.5
CUUR0000SAM,1957,M05,19.6
CUUR0000SAM,1957,M06,19.7
CUUR0000SAM,1957,M07,19.7
CUUR0000SAM,1957,M08,19.8
CUUR0000SAM,1957,M09,19.8
CUUR0000SAM,1957,M10,19.9
CUUR0000SAM,1957,M11,20.0
CUUR0000SAM,1957,M12,20.1
CUUR0000SAM,1958,M01,20.2
CUUR0000SAM,1958,M02,20.2
CUUR0000SAM,1958,M03,20.3
CUUR0000SAM,1958,M04,20.4
CUUR0000SAM,1958,M05,20.5
CUUR0000SAM,1958,M06,20.6
CUUR0000SAM,1958,M07,20.7
CUUR0000SAM,1958,M08,20.7
CUUR0000SAM,1958,M09,20.9
CUUR0000SAM,1958,M10,21.0
CUUR0000SAM,1958,M11,21.0
CUUR0000SAM,1958,M12,21.0
CUUR0000SAM,1959,M01,21.1
CUUR0000SAM,1959,M02,21.2
CUUR0000SAM,1959,M03,21.3
CUUR0000SAM,1959,M04,21.3
CUUR0000SAM,1959,M05,21.4
CUUR0000SAM,1959,M06,21.5
CUUR0000SAM,1959,M07,21.5
CUUR0000SAM,1959,M08,21.6
CUUR0000SAM,1959,M09,21.7
CUUR0000SAM,1959,M10,21.7
CUUR0000SAM,1959,M11,21.8
CUUR0000SAM,1959,M12,21.8
CUUR0000SAM,1960,M01,21.9
CUUR0000SAM,1960,M02,22.0
CUUR0000SAM,1960,M03,22.1
CUUR0000SAM,1960,M04,22.2
CUUR0000SAM,1960,M05,22.2
CUUR0000SAM,1960,M06,22.2
CUUR0000SAM,1960,M07,22.3
CUUR0000SAM,1960,M08,22.3
CUUR0000SAM,1960,M09,22.4
CUUR0000SAM,1960,M10,22.4
CUUR0000SAM,1960,M11,22.5
CUUR0000SAM,1960,M12,22.5
CUUR0000SAM,1961,M01,22.6
CUUR0000SAM,1961,M02,22.7
CUUR0000SAM,1961,M03,22.7
CUUR0000SAM,1961,M04,22.8
CUUR0000SAM,1961,M05,22.9
CUUR0000SAM,1961,M06,22.9
CUUR0000SAM,1961,M07,23.0
CUUR0000SAM,1961,M08,23.0
CUUR0000SAM,1961,M09,23.1
CUUR0000SAM,1961,M10,23.1
CUUR0000SAM,1961,M11,23.1
CUUR0000SAM,1961,M12,23.2
CUUR0000SAM,1962,M01,23.2
CUUR0000SAM,1962,M02,23.3
CUUR0000SAM,1962,M03,23.4
CUUR0000SAM,1962,M04,23.5
CUUR0000SAM,1962,M05,23.5
CUUR0000SAM,1962,M06,23.6
CUUR0000SAM,1962,M07,23.6
CUUR0000SAM,1962,M08,23.6
CUUR0000SAM,1962,M09,23.6
CUUR0000SAM,1962,M10,23.7
CUUR0000SAM,1962,M11,23.7
CUUR0000SAM,1962,M12,23.7
CUUR0000SAM,1963,M01,23.8
CUUR0000SAM,1963,M02,23.9
CUUR0000SAM,1963,M03,23.9
CUUR0000SAM,1963,M04,24.0
CUUR0000SAM,1963,M05,24.0
CUUR0000SAM,1963,M06,24.1
CUUR0000SAM,1963,M07,24.2
CUUR0000SAM,1963,M08,24.2
CUUR0000SAM,1963,M09,24.2
CUUR0000SAM,1963,M10,24.2
CUUR0000SAM,1963,M11,24.3
CUUR0000SAM,1963,M12,24.3
CUUR0000SAM,1964,M01,24.4
CUUR0000SAM,1964,M02,24.4
CUUR0000SAM,1964,M03,24.4
CUUR0000SAM,1964,M04,24.5
CUUR0000SAM,1964,M05,24.5
CUUR0000SAM,1964,M06,24.6
CUUR0000SAM,1964,M07,24.6
CUUR0000SAM,1964,M08,24.7
CUUR0000SAM,1964,M09,24.7
CUUR0000SAM,1964,M10,24.7
CUUR0000SAM,1964,M11,24.7
CUUR0000SAM,1964,M12,24.8
CUUR0000SAM,1965,M01,24.8
CUUR0000SAM,1965,M02,24.9
CUUR0000SAM,1965,M03,25.0
CUUR0000SAM,1965,M04,25.1
CUUR0000SAM,1965,M05,25.1
CUUR0000SAM,1965,M06,25.2
CUUR0000SAM,1965,M07,25.3
CUUR0000SAM,1965,M08,25.3
CUUR0000SAM,1965,M09,25.3
CUUR0000SAM,1965,M10,25.3
CUUR0000SAM,1965,M11,25.4
CUUR0000SAM,1965,M12,25.5
CUUR0000SAM,1966,M01,25.6
CUUR0000SAM,1966,M02,25.6
CUUR0000SAM,1966,M03,25.8
CUUR0000SAM,1966,M04,25.9
CUUR0000SAM,1966,M05,26.0
CUUR0000SAM,1966,M06,26.2
CUUR0000SAM,1966,M07,26.3
CUUR0000SAM,1966,M08,26.4
CUUR0000SAM,1966,M09,26.7
CUUR0000SAM,1966,M10,26.9
CUUR0000SAM,1966,M11,27.0
CUUR0000SAM,1966,M12,27.2
CUUR0000SAM,1967,M01,27.4
CUUR0000SAM,1967,M02,27.5
CUUR0000SAM,1967,M03,27.7
CUUR0000SAM,1967,M04,27.8
CUUR0000SAM,1967,M05,28.0
CUUR0000SAM,1967,M06,28.1
CUUR0000SAM,1967,M07,28.2
CUUR0000SAM,1967,M08,28.3
CUUR0000SAM,1967,M09,28.5
CUUR0000SAM,1967,M10,28.6
CUUR0000SAM,1967,M11,28.8
CUUR0000SAM,1967,M12,28.9
CUUR0000SAM,1968,M01,29.1
CUUR0000SAM,1968,M02,29.2
CUUR0000SAM,1968,M03,29.4
CUUR0000SAM,1968,M04,29.6
CUUR0000SAM,1968,M05,29.6
CUUR0000SAM,1968,M06,29.7
CUUR0000SAM,1968,M07,29.9
CUUR0000SAM,1968,M08,30.0
CUUR0000SAM,1968,M09,30.2
CUUR0000SAM,1968,M10,30.4
CUUR0000SAM,1968,M11,30.5
CUUR0000SAM,1968,M12,30.7
CUUR0000SAM,1969,M01,30.9
CUUR0000SAM,1969,M02,31.2
CUUR0000SAM,1969,M03,31.4
CUUR0000SAM,1969,M04,31.6
CUUR0000SAM,1969,M05,31.8
CUUR0000SAM,1969,M06,32.0
CUUR0000SAM,1969,M07,32.1
CUUR0000SAM,1969,M08,32.3
CUUR0000SAM,1969,M09,32.5
CUUR0000SAM,1969,M10,32.3
CUUR0000SAM,1969,M11,32.4
CUUR0000SAM,1969,M12,32.6
CUUR0000SAM,1970,M01,32.7
CUUR0000SAM,1970,M02,33.0
CUUR0000SAM,1970,M03,33.3
CUUR0000SAM,1970,M04,33.5
CUUR0000SAM,1970,M05,33.7
CUUR0000SAM,1970,M06,33.9
CUUR0000SAM,1970,M07,34.2
CUUR0000SAM,1970,M08,34.3
CUUR0000SAM,1970,M09,34.5
CUUR0000SAM,1970,M10,34.6
CUUR0000SAM,1970,M11,34.7
CUUR0000SAM,1970,M12,35.0
CUUR0000SAM,1971,M01,35.2
CUUR0000SAM,1971,M02,35.4
CUUR0000SAM,1971,M03,35.7
CUUR0000SAM,1971,M04,35.9
CUUR0000SAM,1971,M05,36.1
CUUR0000SAM,1971,M06,36.2
CUUR0000SAM,1971,M07,36.4
CUUR0000SAM,1971,M08,36.6
CUUR0000SAM,1971,M09,36.7
CUUR0000SAM,1971,M10,36.5
CUUR0000SAM,1971,M11,36.5
CUUR0000SAM,1971,M12,36.6
CUUR0000SAM,1972,M01,36.7
CUUR0000SAM,1972,M02,36.9
CUUR0000SAM,1972,M03,37.0
CUUR0000SAM,1972,M04,37.1
CUUR0000SAM,1972,M05,37.2
CUUR0000SAM,1972,M06,37.3
CUUR0000SAM,1972,M07,37.4
CUUR0000SAM,1972,M08,37.4
CUUR0000SAM,1972,M09,37.5
CUUR0000SAM,1972,M10,37.7
CUUR0000SAM,1972,M11,37.8
CUUR0000SAM,1972,M12,37.8
CUUR0000SAM,1973,M01,38.0
CUUR0000SAM,1973,M02,38.1
CUUR0000SAM,1973,M03,38.2
CUUR0000SAM,1973,M04,38.3
CUUR0000SAM,1973,M05,38.5
CUUR0000SAM,1973,M06,38.6
CUUR0000SAM,1973,M07,38.7
CUUR0000SAM,1973,M08,38.7
CUUR0000SAM,1973,M09,38.9
CUUR0000SAM,1973,M10,39.6
CUUR0000SAM,1973,M11,39.7
CUUR0000SAM,1973,M12,39.8
CUUR0000SAM,1974,M01,40.0
CUUR0000SAM,1974,M02,40.4
CUUR0000SAM,1974,M03,40.8
CUUR0000SAM,1974,M04,41.0
CUUR0000SAM,1974,M05,41.4
CUUR0000SAM,1974,M06,42.1
CUUR0000SAM,1974,M07,42.6
CUUR0000SAM,1974,M08,43.3
CUUR0000SAM,1974,M09,43.7
CUUR0000SAM,1974,M10,44.0
CUUR0000SAM,1974,M11,44.3
CUUR0000SAM,1974,M12,44.8
CUUR0000SAM,1975,M01,45.3
CUUR0000SAM,1975,M02,45.9
CUUR0000SAM,1975,M03,46.3
CUUR0000SAM,1975,M04,46.7
CUUR0000SAM,1975,M05,47.0
CUUR0000SAM,1975,M06,47.3
CUUR0000SAM,1975,M07,47.8
CUUR0000SAM,1975,M08,48.1
CUUR0000SAM,1975,M09,48.5
CUUR0000SAM,1975,M10,48.8
CUUR0000SAM,1975,M11,48.8
CUUR0000SAM,1975,M12,49.2
CUUR0000SAM,1976,M01,49.7
CUUR0000SAM,1976,M02,50.3
CUUR0000SAM,1976,M03,50.8
CUUR0000SAM,1976,M04,51.1
CUUR0000SAM,1976,M05,51.4
CUUR0000SAM,1976,M06,51.7
CUUR0000SAM,1976,M07,52.2
CUUR0000SAM,1976,M08,52.6
CUUR0000SAM,1976,M09,52.9
CUUR0000SAM,1976,M10,53.2
CUUR0000SAM,1976,M11,53.9
CUUR0000SAM,1976,M12,54.1
CUUR0000SAM,1977,M01,54.6
CUUR0000SAM,1977,M02,55.1
CUUR0000SAM,1977,M03,55.6
CUUR0000SAM,1977,M04,56.1
CUUR0000SAM,1977,M05,56.4
CUUR0000SAM,1977,M06,56.8
CUUR0000SAM,1977,M07,57.3
CUUR0000SAM,1977,M08,57.7
CUUR0000SAM,1977,M09,58.1
CUUR0000SAM,1977,M10,58.3
CUUR0000SAM,1977,M11,58.6
CUUR0000SAM,1977,M12,58.9
CUUR0000SAM,1978,M01,59.5
CUUR0000SAM,1978,M02,60.1
CUUR0000SAM,1978,M03,60.4
CUUR0000SAM,1978,M04,60.7
CUUR0000SAM,1978,M05,61.1
CUUR0000SAM,1978,M06,61.3
CUUR0000SAM,1978,M07,61.8
CUUR0000SAM,1978,M08,62.3
CUUR0000SAM,1978,M09,62.7
CUUR0000SAM,1978,M10,63.3
CUUR0000SAM,1978,M11,63.9
CUUR0000SAM,1978,M12,64.1
CUUR0000SAM,1979,M01,65.0
CUUR0000SAM,1979,M02,65.5
CUUR0000SAM,1979,M03,65.9
CUUR0000SAM,1979,M04,66.2
CUUR0000SAM,1979,M05,66.5
CUUR0000SAM,1979,M06,66.9
CUUR0000SAM,1979,M07,67.5
CUUR0000SAM,1979,M08,68.1
CUUR0000SAM,1979,M09,68.6
CUUR0000SAM,1979,M10,69.2
CUUR0000SAM,1979,M11,69.8
CUUR0000SAM,1979,M12,70.6
CUUR0000SAM,1980,M01,71.5
CUUR0000SAM,1980,M02,72.6
CUUR0000SAM,1980,M03,73.3
CUUR0000SAM,1980,M04,73.8
CUUR0000SAM,1980,M05,74.2
CUUR0000SAM,1980,M06,74.5
CUUR0000SAM,1980,M07,75.1
CUUR0000SAM,1980,M08,75.6
CUUR0000SAM,1980,M09,76.2
CUUR0000SAM,1980,M10,76.8
CUUR0000SAM,1980,M11,77.3
CUUR0000SAM,1980,M12,77.6
CUUR0000SAM,1981,M01,78.7
CUUR0000SAM,1981,M02,79.6
CUUR0000SAM,1981,M03,80.2
CUUR0000SAM,1981,M04,80.8
CUUR0000SAM,1981,M05,81.4
CUUR0000SAM,1981,M06,82.1
CUUR0000SAM,1981,M07,83.2
CUUR0000SAM,1981,M08,84.3
CUUR0000SAM,1981,M09,84.9
CUUR0000SAM,1981,M10,85.8
CUUR0000SAM,1981,M11,86.8
CUUR0000SAM,1981,M12,87.3
CUUR0000SAM,1982,M01,88.2
CUUR0000SAM,1982,M02,89.0
CUUR0000SAM,1982,M03,89.8
CUUR0000SAM,1982,M04,90.6
CUUR0000SAM,1982,M05,91.2
CUUR0000SAM,1982,M06,91.9
CUUR0000SAM,1982,M07,92.9
CUUR0000SAM,1982,M08,93.8
CUUR0000SAM,1982,M09,94.6
CUUR0000SAM,1982,M10,95.4
CUUR0000SAM,1982,M11,96.3
CUUR0000SAM,1982,M12,96.9
CUUR0000SAM,1983,M01,97.9
CUUR0000SAM,1983,M02,98.9
CUUR0000SAM,1983,M03,99.2
CUUR0000SAM,1983,M04,99.5
CUUR0000SAM,1983,M05,99.7
CUUR0000SAM,1983,M06,100.1
CUUR0000SAM,1983,M07,100.7
CUUR0000SAM,1983,M08,101.4
CUUR0000SAM,1983,M09,101.7
CUUR0000SAM,1983,M10,102.2
CUUR0000SAM,1983,M11,102.7
CUUR0000SAM,1983,M12,103.1
CUUR0000SAM,1984,M01,104.0
CUUR0000SAM,1984,M02,105.1
CUUR0000SAM,1984,M03,105.4
CUUR0000SAM,1984,M04,105.8
CUUR0000SAM,1984,M05,106.1
CUUR0000SAM,1984,M06,106.4
CUUR0000SAM,1984,M07,107.1
CUUR0000SAM,1984,M08,107.5
CUUR0000SAM,1984,M09,107.9
CUUR0000SAM,1984,M10,108.5
CUUR0000SAM,1984,M11,109.1
CUUR0000SAM,1984,M12,109.4
CUUS0000SAM,1984,S01,105.5
CUUS0000SAM,1984,S02,108.3
CUUR0000SAM,1985,M01,110.1
CUUR0000SAM,1985,M02,110.9
CUUR0000SAM,1985,M03,111.6
CUUR0000SAM,1985,M04,112.1
CUUR0000SAM,1985,M05,112.5
CUUR0000SAM,1985,M06,113.1
CUUR0000SAM,1985,M07,113.7
CUUR0000SAM,1985,M08,114.5
CUUR0000SAM,1985,M09,115.0
CUUR0000SAM,1985,M10,115.6
CUUR0000SAM,1985,M11,116.3
CUUR0000SAM,1985,M12,116.8
CUUS0000SAM,1985,S01,111.7
CUUS0000SAM,1985,S02,115.3
CUUR0000SAM,1986,M01,117.7
CUUR0000SAM,1986,M02,118.9
CUUR0000SAM,1986,M03,119.9
CUUR0000SAM,1986,M04,120.5
CUUR0000SAM,1986,M05,121.0
CUUR0000SAM,1986,M06,121.6
CUUR0000SAM,1986,M07,122.4
CUUR0000SAM,1986,M08,123.2
CUUR0000SAM,1986,M09,123.8
CUUR0000SAM,1986,M10,124.5
CUUR0000SAM,1986,M11,125.2
CUUR0000SAM,1986,M12,125.8
CUUS0000SAM,1986,S01,119.9
CUUS0000SAM,1986,S02,124.2
CUUR0000SAM,1987,M01,126.6
CUUR0000SAM,1987,M02,127.4
CUUR0000SAM,1987,M03,128.1
CUUR0000SAM,1987,M04,128.7
CUUR0000SAM,1987,M05,129.2
CUUR0000SAM,1987,M06,129.9
CUUR0000SAM,1987,M07,130.7
CUUR0000SAM,1987,M08,131.2
CUUR0000SAM,1987,M09,131.7
CUUR0000SAM,1987,M10,132.3
CUUR0000SAM,1987,M11,132.8
CUUR0000SAM,1987,M12,133.1
CUUS0000SAM,1987,S01,128.3
CUUS0000SAM,1987,S02,132.0
CUUR0000SAM,1988,M01,134.4
CUUR0000SAM,1988,M02,135.5
CUUR0000SAM,1988,M03,136.3
CUUR0000SAM,1988,M04,136.9
CUUR0000SAM,1988,M05,137.5
CUUR0000SAM,1988,M06,138.2
CUUR0000SAM,1988,M07,139.3
CUUR0000SAM,1988,M08,139.9
CUUR0000SAM,1988,M09,140.4
CUUR0000SAM,1988,M10,141.2
CUUR0000SAM,1988,M11,141.8
CUUR0000SAM,1988,M12,142.3
CUUS0000SAM,1988,S01,136.5
CUUS0000SAM,1988,S02,140.8
CUUR0000SAM,1989,M01,143.8
CUUR0000SAM,1989,M02,145.2
CUUR0000SAM,1989,M03,146.1
CUUR0000SAM,1989,M04,146.8
CUUR0000SAM,1989,M05,147.5
CUUR0000SAM,1989,M06,148.5
CUUR0000SAM,1989,M07,149.7
CUUR0000SAM,1989,M08,150.7
CUUR0000SAM,1989,M09,151.7
CUUR0000SAM,1989,M10,152.7
CUUR0000SAM,1989,M11,153.9
CUUR0000SAM,1989,M12,154.4
CUUS0000SAM,1989,S01,146.3
CUUS0000SAM,1989,S02,152.2
CUUR0000SAM,1990,M01,155.9
CUUR0000SAM,1990,M02,157.5
CUUR0000SAM,1990,M03,158.7
CUUR0000SAM,1990,M04,159.8
CUUR0000SAM,1990,M05,160.8
CUUR0000SAM,1990,M06,161.9
CUUR0000SAM,1990,M07,163.5
CUUR0000SAM,1990,M08,165.0
CUUR0000SAM,1990,M09,165.8
CUUR0000SAM,1990,M10,167.1
CUUR0000SAM,1990,M11,168.4
CUUR0000SAM,1990,M12,169.2
CUUS0000SAM,1990,S01,159.1
CUUS0000SAM,1990,S02,166.5
CUUR0000SAM,1991,M01,171.0
CUUR0000SAM,1991,M02,172.5
CUUR0000SAM,1991,M03,173.7
CUUR0000SAM,1991,M04,174.4
CUUR0000SAM,1991,M05,175.2
CUUR0000SAM,1991,M06,176.2
CUUR0000SAM,1991,M07,177.5
CUUR0000SAM,1991,M08,178.9
CUUR0000SAM,1991,M09,179.7
CUUR0000SAM,1991,M10,180.7
CUUR0000SAM,1991,M11,181.8
CUUR0000SAM,1991,M12,182.6
CUUS0000SAM,1991,S01,173.8
CUUS0000SAM,1991,S02,180.2
CUUR0000SAM,1992,M01,184.3
CUUR0000SAM,1992,M02,186.2
CUUR0000SAM,1992,M03,187.3
CUUR0000SAM,1992,M04,188.1
CUUR0000SAM,1992,M05,188.7
CUUR0000SAM,1992,M06,189.4
CUUR0000SAM,1992,M07,190.7
CUUR0000SAM,1992,M08,191.5
CUUR0000SAM,1992,M09,192.3
CUUR0000SAM,1992,M10,193.3
CUUR0000SAM,1992,M11,194.3
CUUR0000SAM,1992,M12,194.7
CUUS0000SAM,1992,S01,187.3
CUUS0000SAM,1992,S02,192.8
CUUR0000SAM,1993,M01,196.4
CUUR0000SAM,1993,M02,198.0
CUUR0000SAM,1993,M03,198.6
CUUR0000SAM,1993,M04,199.4
CUUR0000SAM,1993,M05,200.5
CUUR0000SAM,1993,M06,201.1
CUUR0000SAM,1993,M07,202.2
CUUR0000SAM,1993,M08,202.9
CUUR0000SAM,1993,M09,203.3
CUUR0000SAM,1993,M10,204.4
CUUR0000SAM,1993,M11,204.9
CUUR0000SAM,1993,M12,205.2
CUUS0000SAM,1993,S01,199.0
CUUS0000SAM,1993,S02,203.8
CUUR0000SAM,1994,M01,206.4
CUUR0000SAM,1994,M02,207.7
CUUR0000SAM,1994,M03,208.3
CUUR0000SAM,1994,M04,209.2
CUUR0000SAM,1994,M05,209.7
CUUR0000SAM,1994,M06,210.4
CUUR0000SAM,1994,M07,211.5
CUUR0000SAM,1994,M08,212.2
CUUR0000SAM,1994,M09,212.8
CUUR0000SAM,1994,M10,214.0
CUUR0000SAM,1994,M11,214.7
CUUR0000SAM,1994,M12,215.3
CUUS0000SAM,1994,S01,208.6
CUUS0000SAM,1994,S02,213.4
CUUR0000SAM,1995,M01,216.6
CUUR0000SAM,1995,M02,217.9
CUUR0000SAM,1995,M03,218.4
CUUR0000SAM,1995,M04,218.9
CUUR0000SAM,1995,M05,219.3
CUUR0000SAM,1995,M06,219.8
CUUR0000SAM,1995,M07,220.8
CUUR0000SAM,1995,M08,221.6
CUUR0000SAM,1995,M09,222.1
CUUR0000SAM,1995,M10,222.9
CUUR0000SAM,1995,M11,223.5
CUUR0000SAM,1995,M12,223.8
CUUS0000SAM,1995,S01,218.5
CUUS0000SAM,1995,S02,222.5
CUUR0000SAM,1996,M01,225.2
CUUR0000SAM,1996,M02,226.2
CUUR0000SAM,1996,M03,226.6
CUUR0000SAM,1996,M04,227.0
CUUR0000SAM,1996,M05,227.4
CUUR0000SAM,1996,M06,227.8
CUUR0000SAM,1996,M07,228.7
CUUR0000SAM,1996,M08,229.2
CUUR0000SAM,1996,M09,229.4
CUUR0000SAM,1996,M10,230.1
CUUR0000SAM,1996,M11,230.5
CUUR0000SAM,1996,M12,230.6
CUUS0000SAM,1996,S01,226.7
CUUS0000SAM,1996,S02,229.8
CUUR0000SAM,1997,M01,231.8
CUUR0000SAM,1997,M02,232.7
CUUR0000SAM,1997,M03,233.4
CUUR0000SAM,1997,M04,233.8
CUUR0000SAM,1997,M05,234.2
CUUR0000SAM,1997,M06,234.4
CUUR0000SAM,1997,M07,234.8
CUUR0000SAM,1997,M08,235.2
CUUR0000SAM,1997,M09,235.4
CUUR0000SAM,1997,M10,235.8
CUUR0000SAM,1997,M11,236.4
CUUR0000SAM,1997,M12,237.1
CUUS0000SAM,1997,S01,233.4
CUUS0000SAM,1997,S02,235.8
CUUR0000SAM,1998,M01,238.1
CUUR0000SAM,1998,M02,239.3
CUUR0000SAM,1998,M03,239.8
CUUR0000SAM,1998,M04,240.7
CUUR0000SAM,1998,M05,241.4
CUUR0000SAM,1998,M06,242.0
CUUR0000SAM,1998,M07,242.7
CUUR0000SAM,1998,M08,243.5
CUUR0000SAM,1998,M09,243.9
CUUR0000SAM,1998,M10,244.3
CUUR0000SAM,1998,M11,244.7
CUUR0000SAM,1998,M12,245.2
CUUS0000SAM,1998,S01,240.2
CUUS0000SAM,1998,S02,244.1
CUUR0000SAM,1999,M01,246.6
CUUR0000SAM,1999,M02,247.7
CUUR0000SAM,1999,M03,248.3
CUUR0000SAM,1999,M04,249.1
CUUR0000SAM,1999,M05,249.5
CUUR0000SAM,1999,M06,250.2
CUUR0000SAM,1999,M07,251.1
CUUR0000SAM,1999,M08,251.9
CUUR0000SAM,1999,M09,252.3
CUUR0000SAM,1999,M10,252.8
CUUR0000SAM,1999,M11,253.3
CUUR0000SAM,1999,M12,254.2
CUUS0000SAM,1999,S01,248.6
CUUS0000SAM,1999,S02,252.6
CUUR0000SAM,2000,M01,255.5
CUUR0000SAM,2000,M02,257.0
CUUR0000SAM,2000,M03,258.1
CUUR0000SAM,2000,M04,258.8
CUUR0000SAM,2000,M05,259.4
CUUR0000SAM,2000,M06,260.5
CUUR0000SAM,2000,M07,261.4
CUUR0000SAM,2000,M08,262.6
CUUR0000SAM,2000,M09,263.1
CUUR0000SAM,2000,M10,263.7
CUUR0000SAM,2000,M11,264.1
CUUR0000SAM,2000,M12,264.8
CUUS0000SAM,2000,S01,258.2
CUUS0000SAM,2000,S02,263.3
CUUR0000SAM,2001,M01,267.1
CUUR0000SAM,2001,M02,268.9
CUUR0000SAM,2001,M03,270.0
CUUR0000SAM,2001,M04,270.8
CUUR0000SAM,2001,M05,271.4
CUUR0000SAM,2001,M06,272.5
CUUR0000SAM,2001,M07,273.1
CUUR0000SAM,2001,M08,274.4
CUUR0000SAM,2001,M09,275.0
CUUR0000SAM,2001,M10,275.9
CUUR0000SAM,2001,M11,276.7
CUUR0000SAM,2001,M12,277.3
CUUS0000SAM,2001,S01,270.1
CUUS0000SAM,2001,S02,275.4
CUUR0000SAM,2002,M01,279.6
CUUR0000SAM,2002,M02,281.0
CUUR0000SAM,2002,M03,282.0
CUUR0000SAM,2002,M04,283.2
CUUR0000SAM,2002,M05,284.1
CUUR0000SAM,2002,M06,284.7
CUUR0000SAM,2002,M07,286.6
CUUR0000SAM,2002,M08,287.3
CUUR0000SAM,2002,M09,287.7
CUUR0000SAM,2002,M10,289.2
CUUR0000SAM,2002,M11,290.5
CUUR0000SAM,2002,M12,291.3
CUUS0000SAM,2002,S01,282.4
CUUS0000SAM,2002,S02,288.8
CUUR0000SAM,2003,M01,292.6
CUUR0000SAM,2003,M02,293.7
CUUR0000SAM,2003,M03,294.2
CUUR0000SAM,2003,M04,294.6
CUUR0000SAM,2003,M05,295.5
CUUR0000SAM,2003,M06,296.3
CUUR0000SAM,2003,M07,297.6
CUUR0000SAM,2003,M08,298.4
CUUR0000SAM,2003,M09,299.2
CUUR0000SAM,2003,M10,299.9
CUUR0000SAM,2003,M11,300.8
CUUR0000SAM,2003,M12,302.1
CUUS0000SAM,2003,S01,294.5
CUUS0000SAM,2003,S02,299.7
CUUR0000SAM,2004,M01,303.6
CUUR0000SAM,2004,M02,306.0
CUUR0000SAM,2004,M03,307.5
CUUR0000SAM,2004,M04,308.3
CUUR0000SAM,2004,M05,309.0
CUUR0000SAM,2004,M06,310.0
CUUR0000SAM,2004,M07,311.0
CUUR0000SAM,2004,M08,311.6
CUUR0000SAM,2004,M09,312.3
CUUR0000SAM,2004,M10,313.3
CUUR0000SAM,2004,M11,314.1
CUUR0000SAM,2004,M12,314.9
CUUS0000SAM,2004,S01,307.4
CUUS0000SAM,2004,S02,312.9
CUUR0000SAM,2005,M01,316.8
CUUR0000SAM,2005,M02,319.3
CUUR0000SAM,2005,M03,320.7
CUUR0000SAM,2005,M04,321.5
CUUR0000SAM,2005,M05,322.2
CUUR0000SAM,2005,M06,322.9
CUUR0000SAM,2005,M07,324.1
CUUR0000SAM,2005,M08,323.9
CUUR0000SAM,2005,M09,324.6
CUUR0000SAM,2005,M10,326.2
CUUR0000SAM,2005,M11,328.1
CUUR0000SAM,2005,M12,328.4
CUUS0000SAM,2005,S01,320.6
CUUS0000SAM,2005,S02,325.9
CUUR0000SAM,2006,M01,329.5
CUUR0000SAM,2006,M02,332.1
CUUR0000SAM,2006,M03,333.8
CUUR0000SAM,2006,M04,334.7
CUUR0000SAM,2006,M05,335.6
CUUR0000SAM,2006,M06,336.0
CUUR0000SAM,2006,M07,337.0
CUUR0000SAM,2006,M08,337.7
CUUR0000SAM,2006,M09,338.3
CUUR0000SAM,2006,M10,339.3
CUUR0000SAM,2006,M11,340.1
CUUR0000SAM,2006,M12,340.1
CUUS0000SAM,2006,S01,333.6
CUUS0000SAM,2006,S02,338.8
CUUR0000SAM,2007,M01,343.510
CUUR0000SAM,2007,M02,346.457
CUUR0000SAM,2007,M03,347.172
CUUR0000SAM,2007,M04,348.225
CUUR0000SAM,2007,M05,349.087
CUUR0000SAM,2007,M06,349.510
CUUR0000SAM,2007,M07,351.643
CUUR0000SAM,2007,M08,352.961
CUUR0000SAM,2007,M09,353.723
CUUR0000SAM,2007,M10,355.653
CUUR0000SAM,2007,M11,357.041
CUUR0000SAM,2007,M12,357.661
CUUS0000SAM,2007,S01,347.327
CUUS0000SAM,2007,S02,354.780
CUUR0000SAM,2008,M01,360.459
CUUR0000SAM,2008,M02,362.155
CUUR0000SAM,2008,M03,363.000
CUUR0000SAM,2008,M04,363.184
CUUR0000SAM,2008,M05,363.396
CUUR0000SAM,2008,M06,363.616
CUUR0000SAM,2008,M07,363.963
CUUR0000SAM,2008,M08,364.477
CUUR0000SAM,2008,M09,365.036
CUUR0000SAM,2008,M10,365.746
CUUR0000SAM,2008,M11,366.613
CUUR0000SAM,2008,M12,367.133
CUUS0000SAM,2008,S01,362.635
CUUS0000SAM,2008,S02,365.495
CUUR0000SAM,2009,M01,369.830
CUUR0000SAM,2009,M02,372.405
CUUR0000SAM,2009,M03,373.189
CUUR0000SAM,2009,M04,374.170
CUUR0000SAM,2009,M05,375.026
CUUR0000SAM,2009,M06,375.093
CUUR0000SAM,2009,M07,375.739
CUUR0000SAM,2009,M08,376.537
CUUR0000SAM,2009,M09,377.727
CUUR0000SAM,2009,M10,378.552
CUUR0000SAM,2009,M11,379.575
CUUR0000SAM,2009,M12,379.516
CUUS0000SAM,2009,S01,373.286
CUUS0000SAM,2009,S02,377.941
CUUR0000SAM,2010,M01,382.688
CUUR0000SAM,2010,M02,385.907
CUUR0000SAM,2010,M03,387.142
CUUR0000SAM,2010,M04,387.703
CUUR0000SAM,2010,M05,387.762
CUUR0000SAM,2010,M06,388.199
CUUR0000SAM,2010,M07,387.898
CUUR0000SAM,2010,M08,388.467
CUUR0000SAM,2010,M09,390.616
CUUR0000SAM,2010,M10,391.240
CUUR0000SAM,2010,M11,391.660
CUUR0000SAM,2010,M12,391.946
CUUS0000SAM,2010,S01,386.567
CUUS0000SAM,2010,S02,390.305
CUUR0000SAM,2011,M01,393.858
CUUR0000SAM,2011,M02,397.065
CUUR0000SAM,2011,M03,397.726
CUUR0000SAM,2011,M04,398.813
CUUR0000SAM,2011,M05,399.375
CUUR0000SAM,2011,M06,399.552
CUUR0000SAM,2011,M07,400.305
CUUR0000SAM,2011,M08,400.874
CUUR0000SAM,2011,M09,401.605
CUUR0000SAM,2011,M10,403.430
CUUR0000SAM,2011,M11,404.858
CUUR0000SAM,2011,M12,405.629
CUUS0000SAM,2011,S01,397.732
CUUS0000SAM,2011,S02,402.784
CUUR0000SAM,2012,M01,408.056
CUUR0000SAM,2012,M02,410.466
CUUR0000SAM,2012,M03,411.498
CUUR0000SAM,2012,M04,412.480
CUUR0000SAM,2012,M05,413.655
CUUR0000SAM,2012,M06,415.345
CUUR0000SAM,2012,M07,416.759
CUUR0000SAM,2012,M08,417.123
CUUR0000SAM,2012,M09,418.039
CUUR0000SAM,2012,M10,418.359
CUUR0000SAM,2012,M11,418.653
CUUR0000SAM,2012,M12,418.654
CUUS0000SAM,2012,S01,411.917
CUUS0000SAM,2012,S02,417.931
CUUR0000SAM,2013,M01,420.687
CUUR0000SAM,2013,M02,423.221
CUUR0000SAM,2013,M03,424.154
CUUR0000SAM,2013,M04,423.815
CUUR0000SAM,2013,M05,422.834
CUUR0000SAM,2013,M06,424.264
CUUR0000SAM,2013,M07,424.836
CUUR0000SAM,2013,M08,426.866
CUUR0000SAM,2013,M09,428.026
CUUR0000SAM,2013,M10,428.082
CUUR0000SAM,2013,M11,427.740
CUUR0000SAM,2013,M12,427.089
CUUS0000SAM,2013,S01,423.162
CUUS0000SAM,2013,S02,427.107
CUUR0000SAM,2014,M01,429.621
CUUR0000SAM,2014,M02,432.769
CUUR0000SAM,2014,M03,433.369
CUUR0000SAM,2014,M04,434.054
CUUR0000SAM,2014,M05,434.874
CUUR0000SAM,2014,M06,435.352
CUUR0000SAM,2014,M07,435.924
CUUR0000SAM,2014,M08,435.777
CUUR0000SAM,2014,M09,436.575
CUUR0000SAM,2014,M10,437.027
CUUR0000SAM,2014,M11,438.445
CUUR0000SAM,2014,M12,439.720
CUUS0000SAM,2014,S01,433.340
CUUS0000SAM,2014,S02,437.245
CUUR0000SAM,2015,M01,440.969
CUUR0000SAM,2015,M02,442.783
CUUR0000SAM,2015,M03,444.020
CUUR0000SAM,2015,M04,446.663
CUUR0000SAM,2015,M05,447.213
CUUR0000SAM,2015,M06,446.271
CUUR0000SAM,2015,M07,446.773
CUUR0000SAM,2015,M08,446.536
CUUR0000SAM,2015,M09,447.289
CUUR0000SAM,2015,M10,450.065
CUUR0000SAM,2015,M11,451.371
CUUR0000SAM,2015,M12,451.072
CUUS0000SAM,2015,S01,444.653
CUUS0000SAM,2015,S02,448.851
CUUR0000SAM,2016,M01,454.175
CUUR0000SAM,2016,M02,458.295
CUUR0000SAM,2016,M03,458.620
CUUR0000SAM,2016,M04,459.994
CUUR0000SAM,2016,M05,461.230
CUUR0000SAM,2016,M06,462.075
CUUR0000SAM,2016,M07,464.164
CUUR0000SAM,2016,M08,468.379
CUUR0000SAM,2016,M09,469.154
CUUR0000SAM,2016,M10,469.230
CUUR0000SAM,2016,M11,469.333
CUUR0000SAM,2016,M12,469.447
CUUS0000SAM,2016,S01,459.065
CUUS0000SAM,2016,S02,468.285
CUUR0000SAM,2017,M01,471.700
CUUR0000SAM,2017,M02,474.546
CUUR0000SAM,2017,M03,474.561
CUUR0000SAM,2017,M04,473.582
CUUR0000SAM,2017,M05,473.512
CUUR0000SAM,2017,M06,474.360
CUUR0000SAM,2017,M07,476.126
CUUR0000SAM,2017,M08,476.869
CUUR0000SAM,2017,M09,476.485
CUUR0000SAM,2017,M10,477.121
CUUR0000SAM,2017,M11,477.198
CUUR0000SAM,2017,M12,477.802
CUUS0000SAM,2017,S01,473.710
CUUS0000SAM,2017,S02,476.934
CUUR0000SAM,2018,M01,481.060
CUUR0000SAM,2018,M02,482.897
CUUR0000SAM,2018,M03,483.984
CUUR0000SAM,2018,M04,484.034
CUUR0000SAM,2018,M05,484.853
CUUR0000SAM,2018,M06,486.019
CUUR0000SAM,2018,M07,485.193
CUUR0000SAM,2018,M08,484.172
CUUR0000SAM,2018,M09,484.708
CUUR0000SAM,2018,M10,485.269
CUUR0000SAM,2018,M11,486.886
CUUR0000SAM,2018,M12,487.409
CUUS0000SAM,2018,S01,483.808
CUUS0000SAM,2018,S02,485.606
CUUR0000SAM,2019,M01,490.204
CUUR0000SAM,2019,M02,491.227
CUUR0000SAM,2019,M03,492.306
CUUR0000SAM,2019,M04,493.331
CUUR0000SAM,2019,M05,494.928
CUUR0000SAM,2019,M06,495.563
CUUR0000SAM,2019,M07,497.687
CUUR0000SAM,2019,M08,500.916
CUUR0000SAM,2019,M09,501.468
CUUR0000SAM,2019,M10,506.100
CUUR0000SAM,2019,M11,507.541
CUUR0000SAM,2019,M12,509.689
CUUS0000SAM,2019,S01,492.927
CUUS0000SAM,2019,S02,503.900
CUUR0000SAM,2020,M01,512.149
CUUR0000SAM,2020,M02,513.923
CUUR0000SAM,2020,M03,515.605
CUUR0000SAM,2020,M04,517.053
CUUR0000SAM,2020,M05,519.194
CUUR0000SAM,2020,M06,520.734
CUUR0000SAM,2020,M07,522.686
CUUR0000SAM,2020,M08,523.295
CUUR0000SAM,2020,M09,522.528
CUUR0000SAM,2020,M10,520.725
CUUR0000SAM,2020,M11,519.848
CUUR0000SAM,2020,M12,518.766
CUUS0000SAM,2020,S01,516.443
CUUS0000SAM,2020,S02,521.308
CUUR0000SAM,2021,M01,522.133
CUUR0000SAM,2021,M02,524.207
CUUR0000SAM,2021,M03,524.734
CUUR0000SAM,2021,M04,524.585
CUUR0000SAM,2021,M05,523.918
CUUR0000SAM,2021,M06,522.989
CUUR0000SAM,2021,M07,524.219
CUUR0000SAM,2021,M08,525.247
CUUR0000SAM,2021,M09,524.818
CUUR0000SAM,2021,M10,527.564
CUUR0000SAM,2021,M11,528.877
CUUR0000SAM,2021,M12,530.026
CUUS0000SAM,2021,S01,523.761
CUUS0000SAM,2021,S02,526.792
CUUR0000SAM,2022,M01,535.048
CUUR0000SAM,2022,M02,536.932
CUUR0000SAM,2022,M03,539.739
CUUR0000SAM,2022,M04,541.515
CUUR0000SAM,2022,M05,543.488
CUUR0000SAM,2022,M06,546.717
CUUR0000SAM,2022,M07,549.562
CUUR0000SAM,2022,M08,553.429
CUUR0000SAM,2022,M09,556.323
CUUR0000SAM,2022,M10,554.043
CUUR0000SAM,2022,M11,550.844
CUUR0000SAM,2022,M12,551.002
CUUS0000SAM,2022,S01,540.573
CUUS0000SAM,2022,S02,552.534
CUUR0000SAM,2023,M01,551.422
CUUR0000SAM,2023,M02,549.487
CUUR0000SAM,2023,M03,547.805
CUUR0000SAM,2023,M04,547.219
CUUR0000SAM,2023,M05,547.420
CUUR0000SAM,2023,M06,547.432
CUUR0000SAM,2023,M07,546.698
CUUR0000SAM,2023,M08,548.082
CUUR0000SAM,2023,M09,548.431
CUUR0000SAM,2023,M10,549.762
CUUR0000SAM,2023,M11,551.769
CUUR0000SAM,2023,M12,553.485
CUUS0000SAM,2023,S01,548.464
CUUS0000SAM,2023,S02,549.705
CUUR0000SAM,2024,M01,557.215
CUUR0000SAM,2024,M02,557.236
CUUR0000SAM,2024,M03,559.935
CUUR0000SAM,2024,M04,561.612
CUUR0000SAM,2024,M05,564.249
CUUR0000SAM,2024,M06,565.301
CUUR0000SAM,2024,M07,564.039
CUUR0000SAM,2024,M08,564.407
CUUR0000SAM,2024,M09,566.266
CUUR0000SAM,2024,M10,567.870
CUUR0000SAM,2024,M11,568.773
CUUR0000SAM,2024,M12,569.189
CUUS0000SAM,2024,S01,560.925
CUUS0000SAM,2024,S02,566.757
CUUR0000SAM,2025,M01,571.899
CUUR0000SAM,2025,M02,573.320
CUUR0000SAM,2025,M03,574.739
CUUR0000SAM,2025,M04,576.988
CUUR0000SAM,2025,M05,578.250
CUUR0000SAM,2025,M06,580.978
CUUR0000SAM,2025,M07,583.856
CUUR0000SAM,2025,M08,583.875
CUUR0000SAM,2025,M09,584.858
CUUR0000SAM,2025,M10,
CUUR0000SAM,2025,M11,585.213
CUUR0000SAM,2025,M12,587.144
CUUS0000SAM,2025,S01,576.029
CUUS0000SAM,2025,S02,584.989
CUUR0000SAM,2026,M01,590.169
CUUR0000SAM,2026,M02,592.593
CUUR0000SAM,2026,M03,592.286
CUUR0000SAM,2026,M04,591.661
CUUR0000SAM,2026,M05,593.239
